========================================================================
GOVERNANCE WALK SUMMARY
Generated: 2026-02-08T04:26:09+00:00
========================================================================

AUTHORITY TREE
----------------------------------------
  FMWK: FMWK-000 — Control Plane Governance Framework
    SPEC: SPEC-CORE-001 — Core Infrastructure
    SPEC: SPEC-CORE-SCRIPTS-001 — Core Governance Scripts
    SPEC: SPEC-GATE-001 — Gate Operations
    SPEC: SPEC-GENESIS-001 — Bootstrap
    SPEC: SPEC-INSPECT-001 — Control Plane Inspection
    SPEC: SPEC-INT-001 — Integrity & Merkle
    SPEC: SPEC-PLANE-001 — Multi-Plane
    SPEC: SPEC-POLICY-001 — Policy Management
    SPEC: SPEC-REG-001 — Registry Management
    SPEC: SPEC-VER-001 — Version Control
  FMWK: FMWK-001 (was FMWK-ATT-001) — Provenance Attestation Standard
    SPEC: SPEC-SEC-001 — Security & Auth
  FMWK: FMWK-002 (was FMWK-200) — Ledger Protocol Standard
    SPEC: SPEC-LEDGER-001 — Ledger System
  FMWK: FMWK-003 (was FMWK-PKG-001) — Package Standard
  FMWK: FMWK-004 (was FMWK-PROMPT-001) — Prompt Governance
  FMWK: FMWK-007 (was FMWK-107) — Package Management Standard
    SPEC: SPEC-PKG-001 — Package Management
  FMWK: FMWK-100 — Agent Development Standard
    SPEC: SPEC-ADMIN-001 — Admin Agent
    SPEC: SPEC-DOC-001 — Documentation
    SPEC: SPEC-EVIDENCE-001 — Evidence Emission Standard Library
    SPEC: SPEC-FMWK-001 — Framework Definitions
    SPEC: SPEC-FMWK-CAPS-001 — Framework Capability Gathering for Router
    SPEC: SPEC-RATE-MGMT-001 — Rate Management and Anthropic Provider Wiring
    SPEC: SPEC-ROUTER-001 — Router Extensions
    SPEC: SPEC-ROUTER-FIX-001 — Router Decision Fix - General Intent Routing
    SPEC: SPEC-ROUTER-PURE-001 — Refactor Router to Pure Routing
    SPEC: SPEC-RUNTIME-001 — Agent Runtime Module
    SPEC: SPEC-TEST-001 — Test Infrastructure

  SPECS WITHOUT PACKAGES (24):
    SPEC-ADMIN-001
    SPEC-CORE-001
    SPEC-CORE-SCRIPTS-001
    SPEC-DOC-001
    SPEC-EVIDENCE-001
    SPEC-FMWK-001
    SPEC-FMWK-CAPS-001
    SPEC-GATE-001
    SPEC-GENESIS-001
    SPEC-INSPECT-001
    SPEC-INT-001
    SPEC-LEDGER-001
    SPEC-PKG-001
    SPEC-PLANE-001
    SPEC-POLICY-001
    SPEC-RATE-MGMT-001
    SPEC-REG-001
    SPEC-ROUTER-001
    SPEC-ROUTER-FIX-001
    SPEC-ROUTER-PURE-001
    SPEC-RUNTIME-001
    SPEC-SEC-001
    SPEC-TEST-001
    SPEC-VER-001

  PACKAGES WITHOUT SPEC (2):
    PKG-BASELINE-HO3-000
    PKG-KERNEL-001

FILE CLASSIFICATION SUMMARY
----------------------------------------
  ARCHIVE             :   27
  DEPRECATED_NAME     :    7
  DERIVED             :    4
  DUPLICATE           :  107
  FLAT_ONLY           :    2
  GOVERNED            :  213
  REAL                :    2
  SHIM                :   26
  STALE_COPY          :   69
  STRUCTURAL          :   38
  TIER_COPY           :   24
  UNKNOWN             :    3

PACKAGE VERDICTS
----------------------------------------
  LIVE      :   2

SHIMS (26)
----------------------------------------
  lib/atomic.py → HOT/kernel/atomic.py
  lib/auth.py → HOT/kernel/auth.py
  lib/authz.py → HOT/kernel/authz.py
  lib/cursor.py → HOT/kernel/cursor.py
  lib/gate_operations.py → HOT/kernel/gate_operations.py
  lib/hashing.py → HOT/kernel/hashing.py
  lib/id_allocator.py → HOT/kernel/id_allocator.py
  lib/install_auth.py → HOT/kernel/install_auth.py
  lib/integrity.py → HOT/kernel/integrity.py
  lib/ledger_client.py → HOT/kernel/ledger_client.py
  lib/ledger_factory.py → HOT/kernel/ledger_factory.py
  lib/merkle.py → HOT/kernel/merkle.py
  lib/output.py → HOT/kernel/output.py
  lib/package_audit.py → HOT/kernel/package_audit.py
  lib/packages.py → HOT/kernel/packages.py
  lib/paths.py → HOT/kernel/paths.py
  lib/plane.py → HOT/kernel/plane.py
  lib/preflight.py → HOT/kernel/preflight.py
  lib/pristine.py → HOT/kernel/pristine.py
  lib/provenance.py → HOT/kernel/provenance.py
  lib/registry.py → HOT/kernel/registry.py
  lib/resolve.py → HOT/kernel/resolve.py
  lib/schema_validator.py → HOT/kernel/schema_validator.py
  lib/signing.py → HOT/kernel/signing.py
  lib/tier_manifest.py → HOT/kernel/tier_manifest.py
  lib/workspace.py → HOT/kernel/workspace.py

PATH TRANSLATIONS (216)
----------------------------------------
  config/control_plane_chain.json
    → HOT/config/control_plane_chain.json
  config/governed_roots.json
    → HOT/config/governed_roots.json
  config/kernel_files.json
    → HOT/config/kernel_files.json
  config/registry_policy.json
    → HOT/config/registry_policy.json
  config/router_policy.json
    → HOT/config/router_policy.json
  config/seal.json
    → HOT/config/seal.json
  config/signing_keys.json
    → HOT/config/signing_keys.json
  config/trusted_keys.json
    → HOT/config/trusted_keys.json
  frameworks/FMWK-000_governance_framework.md
    → HOT/FMWK-000_Governance/governance_framework.md
  frameworks/FMWK-100_agent_development_standard.md
    → HOT/FMWK-100_Agent_Development/agent_development_standard.md
  frameworks/FMWK-107_package_management_standard.md
    → HOT/FMWK-007_Package_Management/package_management_standard.md
  frameworks/FMWK-200_ledger_protocol.md
    → HOT/FMWK-002_Ledger_Protocol/ledger_protocol.md
  frameworks/FMWK-ATT-001_provenance_attestation_standard.md
    → HOT/FMWK-001_Provenance_Attestation/provenance_attestation_standard.md
  frameworks/FMWK-PKG-001_package_standard.md
    → HOT/FMWK-003_Package_Standard/package_standard.md
  frameworks/FMWK-PROMPT-001_prompt_governance.md
    → HOT/FMWK-004_Prompt_Governance/prompt_governance.md
  lib/agent_helpers.py
    → HO3/libs/agent_helpers.py
  lib/atomic.py
    → HOT/kernel/atomic.py
  lib/auth.py
    → HOT/kernel/auth.py
  lib/authz.py
    → HOT/kernel/authz.py
  lib/cursor.py
    → HOT/kernel/cursor.py
  lib/gate_operations.py
    → HOT/kernel/gate_operations.py
  lib/hashing.py
    → HOT/kernel/hashing.py
  lib/id_allocator.py
    → HOT/kernel/id_allocator.py
  lib/install_auth.py
    → HOT/kernel/install_auth.py
  lib/integrity.py
    → HOT/kernel/integrity.py
  lib/ledger_client.py
    → HOT/kernel/ledger_client.py
  lib/ledger_factory.py
    → HOT/kernel/ledger_factory.py
  lib/merkle.py
    → HOT/kernel/merkle.py
  lib/output.py
    → HOT/kernel/output.py
  lib/package_audit.py
    → HOT/kernel/package_audit.py
  lib/packages.py
    → HOT/kernel/packages.py
  lib/paths.py
    → HOT/kernel/paths.py
  lib/plane.py
    → HOT/kernel/plane.py
  lib/preflight.py
    → HOT/kernel/preflight.py
  lib/pristine.py
    → HOT/kernel/pristine.py
  lib/prompt_loader.py
    → HO3/libs/prompt_loader.py
  lib/provenance.py
    → HOT/kernel/provenance.py
  lib/registry.py
    → HOT/kernel/registry.py
  lib/resolve.py
    → HOT/kernel/resolve.py
  lib/schema_validator.py
    → HOT/kernel/schema_validator.py
  lib/signing.py
    → HOT/kernel/signing.py
  lib/tier_manifest.py
    → HOT/kernel/tier_manifest.py
  lib/workspace.py
    → HOT/kernel/workspace.py
  registries/control_plane_registry.csv
    → HOT/registries/control_plane_registry.csv
  registries/file_ownership.csv
    → HOT/registries/file_ownership.csv
  registries/frameworks_registry.csv
    → HOT/registries/frameworks_registry.csv
  registries/packages_registry.csv
    → HOT/registries/packages_registry.csv
  registries/packages_state.csv
    → HOT/registries/packages_state.csv
  registries/prompts_registry.csv
    → HOT/registries/prompts_registry.csv
  registries/specs_registry.csv
    → HOT/registries/specs_registry.csv
  schemas/attention_envelope.json
    → HOT/schemas/attention_envelope.json
  schemas/chat_request.json
    → HOT/schemas/chat_request.json
  schemas/chat_response.json
    → HOT/schemas/chat_response.json
  schemas/cp_status.json
    → HOT/schemas/cp_status.json
  schemas/framework.schema.json
    → HOT/schemas/framework.schema.json
  schemas/package_manifest.json
    → HOT/schemas/package_manifest.json
  schemas/policy.json
    → HOT/schemas/policy.json
  schemas/route_policy.json
    → HOT/schemas/route_policy.json
  schemas/router_request.json
    → HOT/schemas/router_request.json
  schemas/router_response.json
    → HOT/schemas/router_response.json
  schemas/spec.schema.json
    → HOT/schemas/spec.schema.json
  schemas/stdlib_auth_request.json
    → HOT/schemas/stdlib_auth_request.json
  schemas/stdlib_auth_response.json
    → HOT/schemas/stdlib_auth_response.json
  schemas/stdlib_evidence_request.json
    → HOT/schemas/stdlib_evidence_request.json
  schemas/stdlib_evidence_response.json
    → HOT/schemas/stdlib_evidence_response.json
  schemas/stdlib_llm_request.json
    → HOT/schemas/stdlib_llm_request.json
  schemas/stdlib_llm_response.json
    → HOT/schemas/stdlib_llm_response.json
  schemas/work_order.schema.json
    → HOT/schemas/work_order.schema.json
  scripts/agent_check.py
    → HO3/scripts/agent_check.py
  scripts/apply_work_order.py
    → HOT/scripts/apply_work_order.py
  scripts/compute_wo_hash.py
    → HOT/scripts/compute_wo_hash.py
  scripts/cp_init_auth.py
    → HOT/scripts/cp_init_auth.py
  scripts/cp_inspect.py
    → HOT/scripts/cp_inspect.py
  scripts/cp_plane.py
    → HOT/scripts/cp_plane.py
  scripts/cp_version_checkpoint.py
    → HOT/scripts/cp_version_checkpoint.py
  scripts/cp_version_list.py
    → HOT/scripts/cp_version_list.py
  scripts/cp_version_rollback.py
    → HOT/scripts/cp_version_rollback.py
  scripts/g0k_gate.py
    → HOT/scripts/g0k_gate.py
  scripts/g2_gate.py
    → HOT/scripts/g2_gate.py
  scripts/g3_gate.py
    → HOT/scripts/g3_gate.py
  scripts/g4_gate.py
    → HOT/scripts/g4_gate.py
  scripts/g5_gate.py
    → HOT/scripts/g5_gate.py
  scripts/g6_gate.py
    → HOT/scripts/g6_gate.py
  scripts/gate_check.py
    → HOT/scripts/gate_check.py
  scripts/generate_baseline_manifest.py
    → HOT/scripts/generate_baseline_manifest.py
  scripts/genesis_bootstrap.py
    → HOT/scripts/genesis_bootstrap.py
  scripts/install_baseline.py
    → HOT/scripts/install_baseline.py
  scripts/integrity_check.py
    → HOT/scripts/integrity_check.py
  scripts/kernel_build.py
    → HOT/scripts/kernel_build.py
  scripts/kernel_install.py
    → HOT/scripts/kernel_install.py
  scripts/ledger_repair.py
    → HOT/scripts/ledger_repair.py
  scripts/ledger_tier.py
    → HOT/scripts/ledger_tier.py
  scripts/mp.py
    → HO3/scripts/mp.py
  scripts/package_factory.py
    → HO3/scripts/package_factory.py
  scripts/package_install.py
    → HO3/scripts/package_install.py
  scripts/package_pack.py
    → HO3/scripts/package_pack.py
  scripts/package_sync.py
    → HO3/scripts/package_sync.py
  scripts/package_trace.sh
    → HO3/scripts/package_trace.sh
  scripts/package_uninstall.py
    → HO3/scripts/package_uninstall.py
  scripts/pkgutil.py
    → HO3/scripts/pkgutil.py
  scripts/policies/attention_default.yaml
    → HO3/scripts/policies/attention_default.yaml
  scripts/policies/install_policy.yaml
    → HO3/scripts/policies/install_policy.yaml
  scripts/pristine_rebuild_drill.sh
    → HO3/scripts/pristine_rebuild_drill.sh
  scripts/quarantine_orphans.py
    → HO3/scripts/quarantine_orphans.py
  scripts/rebuild_derived.py
    → HO3/scripts/rebuild_derived.py
  scripts/rebuild_derived_registries.py
    → HO3/scripts/rebuild_derived_registries.py
  scripts/seal_guard.py
    → HOT/scripts/seal_guard.py
  scripts/templates/agent/capabilities.yaml.j2
    → HO3/scripts/templates/agent/capabilities.yaml.j2
  scripts/templates/agent/manifest.json.j2
    → HO3/scripts/templates/agent/manifest.json.j2
  scripts/templates/agent/prompts/system.md
    → HO3/scripts/templates/agent/prompts/system.md
  scripts/templates/agent/prompts/turn.md
    → HO3/scripts/templates/agent/prompts/turn.md
  scripts/templates/standard/manifest.json.j2
    → HO3/scripts/templates/standard/manifest.json.j2
  scripts/test_install.sh
    → HO3/scripts/test_install.sh
  scripts/test_pack.sh
    → HO3/scripts/test_pack.sh
  scripts/test_uninstall.sh
    → HO3/scripts/test_uninstall.sh
  scripts/trace.py
    → HO3/scripts/trace.py
  scripts/validate_attention_policy.py
    → HO3/scripts/validate_attention_policy.py
  scripts/validate_install_policy.py
    → HO3/scripts/validate_install_policy.py
  scripts/validate_package_manifest.py
    → HO3/scripts/validate_package_manifest.py
  scripts/validate_packages.py
    → HO3/scripts/validate_packages.py
  scripts/validate_tier_deps.py
    → HO3/scripts/validate_tier_deps.py
  scripts/validate_work_order.py
    → HOT/scripts/validate_work_order.py
  scripts/verify_installed_state.py
    → HO3/scripts/verify_installed_state.py
  scripts/verify_integrity.sh
    → HO3/scripts/verify_integrity.sh
  scripts/wo_approve.py
    → HOT/scripts/wo_approve.py
  scripts/wo_keygen.py
    → HOT/scripts/wo_keygen.py
  scripts/wo_verify.py
    → HOT/scripts/wo_verify.py
  specs/SPEC-ADMIN-001/00_overview.md
    → HO3/spec_packs/SPEC-ADMIN-001/00_overview.md
  specs/SPEC-ADMIN-001/01_problem.md
    → HO3/spec_packs/SPEC-ADMIN-001/01_problem.md
  specs/SPEC-ADMIN-001/02_solution.md
    → HO3/spec_packs/SPEC-ADMIN-001/02_solution.md
  specs/SPEC-ADMIN-001/03_requirements.md
    → HO3/spec_packs/SPEC-ADMIN-001/03_requirements.md
  specs/SPEC-ADMIN-001/04_design.md
    → HO3/spec_packs/SPEC-ADMIN-001/04_design.md
  specs/SPEC-ADMIN-001/05_testing.md
    → HO3/spec_packs/SPEC-ADMIN-001/05_testing.md
  specs/SPEC-ADMIN-001/06_rollout.md
    → HO3/spec_packs/SPEC-ADMIN-001/06_rollout.md
  specs/SPEC-ADMIN-001/07_registry.md
    → HO3/spec_packs/SPEC-ADMIN-001/07_registry.md
  specs/SPEC-ADMIN-001/08_commit.md
    → HO3/spec_packs/SPEC-ADMIN-001/08_commit.md
  specs/SPEC-ADMIN-001/manifest.yaml
    → HO3/spec_packs/SPEC-ADMIN-001/manifest.yaml
  specs/SPEC-CORE-001/manifest.yaml
    → HO3/spec_packs/SPEC-CORE-001/manifest.yaml
  specs/SPEC-CORE-SCRIPTS-001/manifest.yaml
    → HO3/spec_packs/SPEC-CORE-SCRIPTS-001/manifest.yaml
  specs/SPEC-DOC-001/manifest.yaml
    → HO3/spec_packs/SPEC-DOC-001/manifest.yaml
  specs/SPEC-EVIDENCE-001/00_overview.md
    → HO3/spec_packs/SPEC-EVIDENCE-001/00_overview.md
  specs/SPEC-EVIDENCE-001/01_problem.md
    → HO3/spec_packs/SPEC-EVIDENCE-001/01_problem.md
  specs/SPEC-EVIDENCE-001/02_solution.md
    → HO3/spec_packs/SPEC-EVIDENCE-001/02_solution.md
  specs/SPEC-EVIDENCE-001/03_requirements.md
    → HO3/spec_packs/SPEC-EVIDENCE-001/03_requirements.md
  specs/SPEC-EVIDENCE-001/04_design.md
    → HO3/spec_packs/SPEC-EVIDENCE-001/04_design.md
  specs/SPEC-EVIDENCE-001/05_testing.md
    → HO3/spec_packs/SPEC-EVIDENCE-001/05_testing.md
  specs/SPEC-EVIDENCE-001/06_rollout.md
    → HO3/spec_packs/SPEC-EVIDENCE-001/06_rollout.md
  specs/SPEC-EVIDENCE-001/07_registry.md
    → HO3/spec_packs/SPEC-EVIDENCE-001/07_registry.md
  specs/SPEC-EVIDENCE-001/08_commit.md
    → HO3/spec_packs/SPEC-EVIDENCE-001/08_commit.md
  specs/SPEC-EVIDENCE-001/manifest.yaml
    → HO3/spec_packs/SPEC-EVIDENCE-001/manifest.yaml
  specs/SPEC-FMWK-001/manifest.yaml
    → HO3/spec_packs/SPEC-FMWK-001/manifest.yaml
  specs/SPEC-FMWK-CAPS-001/manifest.yaml
    → HO3/spec_packs/SPEC-FMWK-CAPS-001/manifest.yaml
  specs/SPEC-GATE-001/manifest.yaml
    → HO3/spec_packs/SPEC-GATE-001/manifest.yaml
  specs/SPEC-GENESIS-001/manifest.yaml
    → HO3/spec_packs/SPEC-GENESIS-001/manifest.yaml
  specs/SPEC-INSPECT-001/manifest.yaml
    → HO3/spec_packs/SPEC-INSPECT-001/manifest.yaml
  specs/SPEC-INT-001/manifest.yaml
    → HO3/spec_packs/SPEC-INT-001/manifest.yaml
  specs/SPEC-LEDGER-001/manifest.yaml
    → HO3/spec_packs/SPEC-LEDGER-001/manifest.yaml
  specs/SPEC-PKG-001/manifest.yaml
    → HO3/spec_packs/SPEC-PKG-001/manifest.yaml
  specs/SPEC-PLANE-001/manifest.yaml
    → HO3/spec_packs/SPEC-PLANE-001/manifest.yaml
  specs/SPEC-POLICY-001/manifest.yaml
    → HO3/spec_packs/SPEC-POLICY-001/manifest.yaml
  specs/SPEC-PROMPT-001/00_overview.md
    → HO3/spec_packs/SPEC-PROMPT-001/00_overview.md
  specs/SPEC-PROMPT-001/01_problem.md
    → HO3/spec_packs/SPEC-PROMPT-001/01_problem.md
  specs/SPEC-PROMPT-001/02_solution.md
    → HO3/spec_packs/SPEC-PROMPT-001/02_solution.md
  specs/SPEC-PROMPT-001/03_requirements.md
    → HO3/spec_packs/SPEC-PROMPT-001/03_requirements.md
  specs/SPEC-PROMPT-001/04_design.md
    → HO3/spec_packs/SPEC-PROMPT-001/04_design.md
  specs/SPEC-PROMPT-001/05_testing.md
    → HO3/spec_packs/SPEC-PROMPT-001/05_testing.md
  specs/SPEC-PROMPT-001/06_rollout.md
    → HO3/spec_packs/SPEC-PROMPT-001/06_rollout.md
  specs/SPEC-PROMPT-001/07_registry.md
    → HO3/spec_packs/SPEC-PROMPT-001/07_registry.md
  specs/SPEC-PROMPT-001/08_commit.md
    → HO3/spec_packs/SPEC-PROMPT-001/08_commit.md
  specs/SPEC-RATE-MGMT-001/manifest.yaml
    → HO3/spec_packs/SPEC-RATE-MGMT-001/manifest.yaml
  specs/SPEC-REG-001/manifest.yaml
    → HO3/spec_packs/SPEC-REG-001/manifest.yaml
  specs/SPEC-ROUTER-001/manifest.yaml
    → HO3/spec_packs/SPEC-ROUTER-001/manifest.yaml
  specs/SPEC-ROUTER-FIX-001/manifest.yaml
    → HO3/spec_packs/SPEC-ROUTER-FIX-001/manifest.yaml
  specs/SPEC-ROUTER-PURE-001/manifest.yaml
    → HO3/spec_packs/SPEC-ROUTER-PURE-001/manifest.yaml
  specs/SPEC-RUNTIME-001/00_overview.md
    → HO3/spec_packs/SPEC-RUNTIME-001/00_overview.md
  specs/SPEC-RUNTIME-001/01_problem.md
    → HO3/spec_packs/SPEC-RUNTIME-001/01_problem.md
  specs/SPEC-RUNTIME-001/02_solution.md
    → HO3/spec_packs/SPEC-RUNTIME-001/02_solution.md
  specs/SPEC-RUNTIME-001/03_requirements.md
    → HO3/spec_packs/SPEC-RUNTIME-001/03_requirements.md
  specs/SPEC-RUNTIME-001/04_design.md
    → HO3/spec_packs/SPEC-RUNTIME-001/04_design.md
  specs/SPEC-RUNTIME-001/05_testing.md
    → HO3/spec_packs/SPEC-RUNTIME-001/05_testing.md
  specs/SPEC-RUNTIME-001/06_rollout.md
    → HO3/spec_packs/SPEC-RUNTIME-001/06_rollout.md
  specs/SPEC-RUNTIME-001/07_registry.md
    → HO3/spec_packs/SPEC-RUNTIME-001/07_registry.md
  specs/SPEC-RUNTIME-001/08_commit.md
    → HO3/spec_packs/SPEC-RUNTIME-001/08_commit.md
  specs/SPEC-RUNTIME-001/manifest.yaml
    → HO3/spec_packs/SPEC-RUNTIME-001/manifest.yaml
  specs/SPEC-SEC-001/manifest.yaml
    → HO3/spec_packs/SPEC-SEC-001/manifest.yaml
  specs/SPEC-TEST-001/manifest.yaml
    → HO3/spec_packs/SPEC-TEST-001/manifest.yaml
  specs/SPEC-VER-001/manifest.yaml
    → HO3/spec_packs/SPEC-VER-001/manifest.yaml
  tests/test_agent_helpers.py
    → HO3/tests/test_agent_helpers.py
  tests/test_auth.py
    → HO3/tests/test_auth.py
  tests/test_authz.py
    → HO3/tests/test_authz.py
  tests/test_chain.py
    → HO3/tests/test_chain.py
  tests/test_chain_genesis.py
    → HO3/tests/test_chain_genesis.py
  tests/test_cross_tier_provenance.py
    → HO3/tests/test_cross_tier_provenance.py
  tests/test_factory_canary.py
    → HO3/tests/test_factory_canary.py
  tests/test_g2_gate.py
    → HO3/tests/test_g2_gate.py
  tests/test_g3_gate.py
    → HO3/tests/test_g3_gate.py
  tests/test_g4_gate.py
    → HO3/tests/test_g4_gate.py
  tests/test_g5_gate.py
    → HO3/tests/test_g5_gate.py
  tests/test_g6_full.py
    → HO3/tests/test_g6_full.py
  tests/test_hashing.py
    → HO3/tests/test_hashing.py
  tests/test_idempotency.py
    → HO3/tests/test_idempotency.py
  tests/test_kernel_parity.py
    → HO3/tests/test_kernel_parity.py
  tests/test_ledger_chain.py
    → HO3/tests/test_ledger_chain.py
  tests/test_manifest_v11.py
    → HO3/tests/test_manifest_v11.py
  tests/test_multiplane.py
    → HO3/tests/test_multiplane.py
  tests/test_packages.py
    → HO3/tests/test_packages.py
  tests/test_phase1_baseline.py
    → HO3/tests/test_phase1_baseline.py
  tests/test_phase1b_package_install.py
    → HO3/tests/test_phase1b_package_install.py
  tests/test_phase3_summary.py
    → HO3/tests/test_phase3_summary.py
  tests/test_pkgutil.py
    → HO3/tests/test_pkgutil.py
  tests/test_plane.py
    → HO3/tests/test_plane.py
  tests/test_preflight.py
    → HO3/tests/test_preflight.py
  tests/test_pristine.py
    → HO3/tests/test_pristine.py
  tests/test_provenance.py
    → HO3/tests/test_provenance.py
  tests/test_tier_ledger.py
    → HO3/tests/test_tier_ledger.py
  tests/test_trace.py
    → HO3/tests/test_trace.py
